film,country,lat,long
"4Real" ,Canada,56.130366,-106.346771
"After the Catch"  {Save Me (#5.3)}, USA,21.284271,-157.706991
"America at a Crossroads"  {The Anti-Americans (A Hate/Love Relationship)}, UK,51.5073509,-0.1277583
"ADHDtv: With Lew Marklin"  {Obama Ball 90210 (#2.18)}, USA,34.0736204,-118.4003563
"'Da Kink in My Hair"  {Everything in Its Right Place (#2.1)}, Canada,43.653226,-79.3831843
"1000 Places to See Before You Die"  {Brazil (#1.4)}, Brazil,-22.9068467,-43.1728965
"Amyna zonis"  {(#1.12)}, Greece,37.9838096,23.7275388
"Aftenshowet"  {(2009-04-22)}, Denmark,56.1408113,10.1819846
"'Da Kink in My Hair"  {Forced Ripe Mango (#2.5)}, Canada,43.653226,-79.3831843
"After the Catch"  {Ambition (#6.2)}, USA,39.4785695,-106.0456866
"ADHDtv: With Lew Marklin"  {Lewie Does Georgia (#3.3)}, USA,34.0736204,-118.4003563
"Abgedreht in Stuttgart" , Germany,47.9990077,7.842104299999999
"90 Plein Street" , South Africa,-26.2041028,28.0473051
"1000 Places to See Before You Die"  {Brazil (#1.4)}, Brazil,-22.951916,-43.2104872
"1000 Places to See Before You Die"  {Brazil (#1.4)}, Brazil,-22.9411174,-43.20246909999999
"50 Años de la telenovela: Mentiras y verdades" ,Mexico,23.634501,-102.552784
"ADHDtv: With Lew Marklin"  {Lewie Does Georgia (#3.3)}, USA,34.0635016,-118.4455164
"1000 Places to See Before You Die"  {France (#1.6)}, Monaco,43.73135,7.413945999999999
"1000 Places to See Before You Die"  {France (#1.6)}, France,48.8867148,2.3388895
"1000 Places to See Before You Die"  {France (#1.6)}, Monaco,43.73960719999999,7.4275062
"About a Girl" , Canada,49.3407157,-123.0549414
"ADHDtv: With Lew Marklin"  {The Lewie N Drew Show (#2.13)}, USA,34.4381507,-119.6817845
"Annem"  {(#1.8)}, Turkey,41.0082376,28.9783589
"Aftenshowet"  {(2009-04-23)}, Denmark,56.1408113,10.1819846
"Andrew's Guide to Being a Man" , Australia,-27.4697707,153.0251235
"1000 Places to See Before You Die"  {Brazil (#1.4)}, Brazil,-3.1257478,-60.0261021
"3-Minute Game Show" , USA,34.1808392,-118.3089661
"Al diablo con los guapos" , Mexico,19.4326077,-99.133208
"AZ Entertainment 360" , USA,33.4941704,-111.9260519
"1000 Places to See Before You Die"  {Brazil (#1.4)}, Brazil,-0.187171,-64.70743039999999
"'Da Kink in My Hair"  {Mouth Open Story Jump Out (#1.8)}, Canada,43.653226,-79.3831843
"Armageddon - Der Einschlag" , USA,21.3155434,-157.8615682
"Armageddon - Der Einschlag" , USA,40.7127753,-74.0059728
"0511 TV Lokal"  {Scillablütenfest}, Germany,52.3758916,9.732010400000002
"Ameer al shuaraa" , United Arab Emirates,24.453884,54.3773438
"Aftenshowet"  {(2008-10-17)}, Denmark,56.1528,10.199335
"Aftenshowet"  {(2008-10-15)}, Denmark,56.1528,10.199335
"0511 TV Lokal"  {Ein Sonntag im Park}, Germany,52.3758916,9.732010400000002
"ADHDtv: With Lew Marklin"  {Sammie of the 90210 (#2.20)}, USA,34.0736204,-118.4003563
"Amore criminale" , Italy,41.9027835,12.4963655
"Aftenshowet" , Denmark,55.6797154,12.5907984
"Angry Planet"  {Rising Oceans (#4.3)},Tuvalu,-7.109534999999999,177.64933
"0511 TV Lokal"  {Biomekkanik + Auto-Auto im Talk}, Germany,52.3758916,9.732010400000002
"America at a Crossroads"  {Kansas to Kandahar: Citizen Soldiers at War}, USA,39.011902,-98.4842465
"Annem"  {(#1.9)}, Turkey,41.0082376,28.9783589
"0511 TV Lokal"  {Kinos am Raschplatz - Wiedereröfnung}, Germany,52.3758916,9.732010400000002
"1000 Places to See Before You Die"  {Mexico (#1.11)}, Mexico,20.8819452,-103.8325001
"Accidental Addict" , USA,34.0522342,-118.2436849
"Annem"  {(#1.12)}, Turkey,41.0082376,28.9783589
"Ameer al shuaraa" ,Jordan,30.585164,36.238414
"ADHDtv: With Lew Marklin"  {Democratic Battle (#2.7)}, USA,34.4381507,-119.6817845
"0511 TV Lokal"  {Elektromobilität auf der MobiliTec}, Germany,52.3758916,9.732010400000002
"America's Psychic Challenge" , USA,34.2384241,-117.2358006
"After the Catch"  {Bering Sea Brothers (#3.2)}, USA,32.799452,-117.2432179
"Annem"  {(#1.1)}, Turkey,41.0082376,28.9783589
"Ana W Ant Wal Internet" ,Saudi Arabia,23.885942,45.079162
"American Heiress" ,Mexico,23.634501,-102.552784
"1000 Places to See Before You Die"  {Canada (#1.13)}, Canada,49.2872244,-123.1139636
"ADHDtv: With Lew Marklin"  {Stroke Man and the Soul Brotha (#2.6)}, USA,34.4381507,-119.6817845
"Amyna zonis"  {(#1.4)}, Greece,37.9838096,23.7275388
"Afrika mon amour" ,Kenya,-0.023559,37.906193
"After the Catch"  {Legends (#2.1)}, USA,42.616346,-70.649661
"'Da Kink in My Hair"  {Empty Bag Can't Stand Up (#1.4)}, Canada,43.653226,-79.3831843
"After Hours" , Singapore,1.352083,103.819836
"ADHDtv: With Lew Marklin"  {Lewie Does Lou Gossett (#3.2)}, USA,34.0900091,-118.3617443
"Ameer al shuaraa" ,Qatar,25.354826,51.183884
"Ameer al shuaraa" ,Syria,34.80207499999999,38.996815
"America at a Crossroads"  {The Anti-Americans (A Hate/Love Relationship)}, France,44.0221252,1.3529599
"ADHDtv: With Lew Marklin"  {Lewie and Geeno Do Post Easter (#1.4)}, USA,34.4358294,-119.8276389
"1000 Places to See Before You Die"  {France (#1.6)}, France,48.88670459999999,2.3431043
"Apne Dil Se Puchho"  {Fati Shirt (#1.5)}, India,23.1793013,75.7849097
"Ancient Megastructures" , UK,50.83761000000001,-0.774936
"America at a Crossroads"  {Kansas to Kandahar: Citizen Soldiers at War},Pakistan,30.375321,69.34511599999999
"After the Catch"  {Life Is Good (#3.5)}, USA,32.799452,-117.2432179
"Amyna zonis"  {(#1.10)}, Greece,37.9838096,23.7275388
"Amyna zonis"  {(#1.13)}, Greece,37.9838096,23.7275388
"42" I),Latvia,56.879635,24.603189
"'Da Kink in My Hair"  {Chicken (#1.3)}, Canada,43.653226,-79.3831843
"Ameer al shuaraa" , United Arab Emirates,24.429528,54.537162
"'Da Kink in My Hair"  {Rules Are Made... (#1.1)}, Canada,43.653226,-79.3831843
"Aliens in America" , Canada,49.2827291,-123.1207375
"'Da Kink in My Hair"  {Me Throw Me Corn But Me No Call No Fowl (#1.11)}, Canada,43.653226,-79.3831843
"Ameer al shuaraa" ,Oman,21.4735329,55.975413
"0511 TV Lokal"  {Scillablütenfest in Hannover-Linden}, Germany,52.3758916,9.732010400000002
"ADHDtv: With Lew Marklin"  {Meet Chrissy (#1.6)}, USA,34.4208305,-119.6981901
"Aftenshowet"  {(2017-06-15)}, Denmark,55.160428,14.8668836
"ADHDtv: With Lew Marklin" , USA,34.4208305,-119.6981901
"Ancient Megastructures" ,France,46.227638,2.213749
"Aftenshowet" , Denmark,55.67591419999999,12.5691285
"1000 Places to See Before You Die"  {Brazil (#1.4)}, Brazil,-22.9669151,-43.17899999999999
"Andy Barker P.I."  {Three Days of the Chicken (#1.3)}, USA,34.13811680000001,-118.3533783
"'Da Kink in My Hair"  {Fass & Facety (#1.2)}, Canada,43.653226,-79.3831843
"ADHDtv: With Lew Marklin"  {Lewie Does Helter Skelter (#2.19)}, USA,34.0928092,-118.3286614
"1000 Places to See Before You Die"  {South Africa (#1.7)}, South Africa,-34.030167,22.140841
"2007 World Series of Poker"  {No Limit Hold Em Main Event: Part 11 (#1.21)}, USA,36.1699412,-115.1398296
"Armageddon - Der Einschlag" ,Mexico,23.634501,-102.552784
"0511 TV Lokal"  {Bandfactory - Frames}, Germany,52.3758916,9.732010400000002
"0511 TV Lokal"  {Perlen - Schwul-Lesbisches Film Festival Hannover}, Germany,52.3758916,9.732010400000002
"1000 Places to See Before You Die"  {South Africa (#1.7)}, South Africa,-33.962822,18.4098406
"1000 Places to See Before You Die"  {France (#1.6)}, France,48.8551861,2.3125844
"After the Catch"  {The Northwestern (#4.2)}, USA,29.963168,-90.057842
"After the Catch"  {The Good Captain Phil (#4.5)}, USA,29.963168,-90.057842
"Agentul VIP" , Romania,44.4267674,26.1025384
"Amyna zonis"  {(#1.14)}, Greece,37.9838096,23.7275388
"Acorralada" , USA,25.7616798,-80.1917902
"Are You Smarter Than a 5th Grader?" I) {(2010-11-09)}, USA,34.05179,-118.4125106
"1000 Places to See Before You Die"  {Brazil (#1.4)}, Brazil,-22.9872222,-43.2786111
"A Bela e o Mestre" , Portugal,38.7222524,-9.1393366
"Are We There Yet?: World Adventure" ,USA,37.09024,-95.712891
"A las 10 con Fernanda" , Mexico,19.4326077,-99.133208
"Aire Yoga" , USA,25.7616798,-80.1917902
"Apne Dil Se Puchho"  {Mini Mahatma (#1.1)}, India,23.1793013,75.7849097
"Ameer al shuaraa" ,Lebanon,33.854721,35.862285
"Amazon Heartbeat" ,Brazil,-14.235004,-51.92528
"After the Catch"  {Brothers (#2.2)}, USA,42.616346,-70.649661
"Apne Dil Se Puchho"  {Bhagyashali Kaun (#1.3)}, India,23.1793013,75.7849097
"0511 TV Lokal"  {Leigh Bowery and Dresscodes}, Germany,52.3758916,9.732010400000002
"2007 World Series: Boston Red Sox vs. Colorado Rockies" , USA,42.3466764,-71.0972178
"Angry Planet"  {Crystal Cave (#3.11)}, USA,40.7127753,-74.0059728
"Are We There Yet?: World Adventure" ,Kenya,-0.023559,37.906193
"9 mm crímenes a la medida de la historia"  {La contraofensiva}, Argentina,-34.6036844,-58.3815591
"ADHDtv: With Lew Marklin"  {Lewie Does Christina De Rosa (#3.1)}, USA,34.4208305,-119.6981901
"ADHDtv: With Lew Marklin"  {Lewie and Geeno Do Post Easter (#1.4)}, USA,34.4208305,-119.6981901
"0511 TV Lokal"  {Hanover's Boys' Choir}, Germany,52.3758916,9.732010400000002
"0511 TV Lokal"  {Salsa Night}, Germany,52.3758916,9.732010400000002
"1000 Places to See Before You Die"  {France (#1.6)},Monaco,43.73841760000001,7.424615799999999
"Acorralada" ,Aruba,12.52111,-69.968338
"1000 Places to See Before You Die"  {Mexico (#1.11)}, Mexico,20.6596988,-103.3496092
"Angry Planet"  {Melting Siberia (#5.1)}, Russia,61.01370970000001,99.1966559
"Across the River to Motor City" , Canada,42.3149367,-83.03636329999999
"Afrotainers" , USA,28.5383355,-81.3792365
"ADHDtv: With Lew Marklin"  {Free at Last (#2.10)}, USA,34.4381507,-119.6817845
"Air Galicia" , Spain,42.5750554,-8.1338558
"Amyna zonis"  {(#1.2)}, Greece,37.9838096,23.7275388
"1000 Places to See Before You Die"  {France (#1.6)}, France,43.7278189,7.361791999999999
"1000 Places to See Before You Die"  {France (#1.6)}, France,48.856614,2.3522219
"Aftenshowet"  {(2012-08-29)}, Denmark,55.067434,10.607282
"1000 Places to See Before You Die"  {France (#1.6)}, France,48.8655273,2.3470052
"Are We There Yet?: World Adventure" ,Mexico,23.634501,-102.552784
"9 mm crímenes a la medida de la historia"  {Caso Tacuara}, Argentina,-34.6036844,-58.3815591
"9 mm crímenes a la medida de la historia"  {Un mensaje para el general}, Argentina,-34.6036844,-58.3815591
"Archipels"  {Soley},Haiti,18.971187,-72.285215
"Are We There Yet?: World Adventure" ,Germany,51.165691,10.451526
"1000 Places to See Before You Die"  {Brazil (#1.4)}, Brazil,-22.952352,-43.2114467
"'Da Kink in My Hair"  {Oil's Well That Ends Well (#2.13)}, Canada,43.653226,-79.3831843
"1000 Places to See Before You Die"  {Canada (#1.13)}, Canada,49.2778358,-123.1088227
"Angry Planet"  {Hurricane (#2.2)},Jamaica,18.109581,-77.297508
"2007 World Series of Poker"  {No Limit Hold Em Main Event: Part 10 (#1.20)}, USA,36.1699412,-115.1398296
"0511 TV Lokal"  {Sommerfest im JazzClub}, Germany,52.3758916,9.732010400000002
"0511 TV Lokal"  {David Thorpe im Kunstverein}, Germany,52.3758916,9.732010400000002
"Ancient Megastructures" ,Tunisia,33.886917,9.537499
"Annem"  {(#1.3)}, Turkey,41.0082376,28.9783589
"2007 LG Action Sports World Championships" , USA,32.7766642,-96.79698789999999
"ADHDtv: With Lew Marklin"  {Who the Hell Is Sarah Palin? (#2.14)}, USA,34.4381507,-119.6817845
"Amyna zonis"  {(#1.3)}, Greece,37.9838096,23.7275388
"Anash and the Legacy of the Sun-Rock" , Canada,60.7211871,-135.0568448
"1000 Places to See Before You Die"  {Mexico (#1.11)}, Mexico,20.8850971,-103.8398904
"America at a Crossroads"  {The Anti-Americans (A Hate/Love Relationship)}, Poland,52.2296756,21.0122287
"'Da Kink in My Hair"  {A Mother of a Day (#1.10)}, Canada,43.653226,-79.3831843
"Amazing Facts Presents"  {Wedlock Becoming Unholy Deadlock (#1.10)}, USA,38.99066570000001,-77.026088
"1000 Places to See Before You Die"  {France (#1.6)}, France,48.8737917,2.2950275
"Andy Barker P.I."  {Fairway My Lovely (#1.2)}, USA,34.2898089,-118.4996858
"A Place in Spain: Costa Chaos" , Spain,41.3850639,2.1734035
"Alberta's Best is Hiring" , Canada,51.253775,-85.323214
"0511 TV Lokal"  {Rock alternatif français}, Germany,52.3758916,9.732010400000002
"12 Miles of Bad Road" , USA,34.0522342,-118.2436849
"Ameer al shuaraa" ,Saudi Arabia,23.885942,45.079162
"Across the River to Motor City" , Canada,43.2557206,-79.8711024
"After the Catch"  {Real Life (#2.5)}, USA,42.616346,-70.649661
"Amyna zonis"  {(#1.1)}, Greece,37.1562778,24.4886232
"0511 TV Lokal"  {Poetry Slam - 3Raum im Ballhof}, Germany,52.3758916,9.732010400000002
"Angry Planet"  {Empty Quarter (#3.13)}, United Arab Emirates,25.2048493,55.2707828
"0511 TV Lokal"  {Gartenlust im Georgengarten}, Germany,52.3758916,9.732010400000002
"Aqui Há Talento" , Portugal,38.7222524,-9.1393366
"Amyna zonis"  {(#1.7)}, Greece,37.9838096,23.7275388
"1000 Places to See Before You Die"  {Mexico (#1.11)}, Mexico,17.6416693,-101.5516955
"American Heiress" , USA,32.715738,-117.1610838
"1000 Places to See Before You Die"  {South Africa (#1.7)}, South Africa,-33.9277222,18.423677
"Angry Planet"  {Crystal Cave (#3.11)}, Mexico,28.6329957,-106.0691004
"1000 Places to See Before You Die"  {South Africa (#1.7)}, South Africa,-34.614793,19.352842
"0511 TV Lokal"  {Tour durch Linden mit Sid Auffarth}, Germany,52.3758916,9.732010400000002
"Angry Planet"  {Burning Australia (#4.1)},Australia,-25.274398,133.775136
"0511 TV Lokal"  {Zur Situation der Nachwuchsregisseure}, Germany,52.3758916,9.732010400000002
"Amyna zonis"  {(#1.11)}, Greece,37.9838096,23.7275388
"Angry Planet"  {Wild Water (#1.8)}, Canada,51.253775,-85.323214
"Ana W Ant Wal Internet" , Lebanon,33.8937913,35.5017767
"Are We There Yet?: World Adventure" ,Ukraine,48.379433,31.1655799
"Annem"  {(#1.13)}, Turkey,41.0082376,28.9783589
"After the Catch"  {No Trespassing (#3.4)}, USA,32.799452,-117.2432179
"1000 Places to See Before You Die"  {Brazil (#1.4)}, Brazil,-22.9159738,-43.2489675
"4Real" ,Liberia,6.428055,-9.429499000000002
"1000 Places to See Before You Die"  {Brazil (#1.4)}, Brazil,-3.1190275,-60.0217314
"0511 TV Lokal"  {Lichtgestalten}, Germany,52.3758916,9.732010400000002
"After the Catch"  {The Time Bandit (#4.1)}, USA,29.963168,-90.057842
"13 maravillas" ,Mexico,23.634501,-102.552784
"Area 18" , Argentina,-34.6036844,-58.3815591
"0511 TV Lokal"  {Kunsthandwerkermarkt in Celle}, Germany,52.6175963,10.0628514
"Angry Planet"  {Thunder Down Under (#2.5)}, Australia,-18.2870668,147.6991918
"0511 TV Lokal"  {Lindemann & Stroganow im TAK}, Germany,52.3758916,9.732010400000002
"American Greed"  {Computer Hacker Masterminds}, USA,40.44062479999999,-79.9958864
"ADHDtv: With Lew Marklin"  {Lewie and Geeno Do Radio: Part 1 (#1.2)}, USA,34.4221777,-119.6917871
"A Máquina de Lavar Pratos" ,Portugal,39.39987199999999,-8.224454
"0511 TV Lokal"  {State of Perfection}, Germany,52.3758916,9.732010400000002
"Annem"  {(#1.7)}, Turkey,41.0082376,28.9783589
"1000 Places to See Before You Die"  {Canada (#1.13)}, Canada,49.2636609,-123.1298259
"ADHDtv: With Lew Marklin"  {Iowan Caucus: Hello Mister Obama! (#2.1)}, USA,34.4208305,-119.6981901
"0511 TV Lokal"  {DNA-Test}, Germany,52.3758916,9.732010400000002
"0511 TV Lokal"  {Fährmannsfest}, Germany,52.3758916,9.732010400000002
"Aliens in America" , USA,34.1477849,-118.1445155
"10 Years of Monkey Business" , UK,50.7487635,-2.3444786
"Amyna zonis" , Greece,37.1562778,24.4886232
"100 Nen Interview" , Japan,35.6894875,139.6917064
"Amazing Facts Presents"  {The Millennium of Peace Part 2 (#2.11)}, USA,41.9464342,-86.338905
"Andy Barker P.I."  {The Lady Varnishes (#1.6)}, USA,34.13811680000001,-118.3533783
"1000 Places to See Before You Die"  {Mexico (#1.11)}, Mexico,17.635008,-101.550603
"Andy Barker P.I."  {The Big No Sleep (#1.5)}, USA,34.13811680000001,-118.3533783
"7 vite" , Italy,40.8517746,14.2681244
"1000 Places to See Before You Die"  {Brazil (#1.4)}, Brazil,-22.9492586,-43.1545757
"After the Catch"  {Low Tide (#5.1)}, USA,21.284271,-157.706991
"59 segons" , Spain,41.4526016,2.0763253
"After the Catch"  {Gamblers (#6.4)}, USA,39.4785695,-106.0456866
"2007 World Series: Boston Red Sox vs. Colorado Rockies" , USA,39.7558823,-104.9941781
"100% Azull" ,USA,37.09024,-95.712891
"Adventures in Doggie Daycare" , USA,47.6062095,-122.3320708
"ADHDtv: With Lew Marklin"  {A Lew Marklin Show New Year (#1.20)}, USA,34.4381507,-119.6817845
"100% Azull" ,Mexico,23.634501,-102.552784
"3 Minute Wonder: Preparing for the Worst" ,UK,55.378051,-3.435973
"Andy Barker P.I."  {Pilot (#1.1)}, USA,34.13811680000001,-118.3533783
"1000 Places to See Before You Die"  {South Africa (#1.7)},South Africa,-30.559482,22.937506
"1000 Places to See Before You Die"  {Canada (#1.13)}, Canada,53.7266683,-127.6476205
"Apne Dil Se Puchho"  {Prasad (#1.4)}, India,23.1793013,75.7849097
"ADHDtv: With Lew Marklin"  {Lewie and Geeno's Summerz-End (#1.14)}, USA,34.4168342,-119.8322099
"Andrew Marr's History of Modern Britain" ,UK,55.378051,-3.435973
"1000 Places to See Before You Die"  {South Africa (#1.7)}, South Africa,-33.9215835,18.4149708
"ADHDtv: With Lew Marklin"  {Lewie's in the Big House (#2.9)}, USA,34.4381507,-119.6817845
"A Comicbook Orange"  {Convention Edition with Frank Quitely and Greg Pak (#2.2)}, Canada,43.653226,-79.3831843
"ADHDtv: With Lew Marklin"  {Lewie Does Lou Gossett (#3.2)}, USA,34.4199448,-119.6873057
"4Real" ,Cambodia,12.565679,104.990963
"0511 TV Lokal"  {Kari Bremnes - Masala}, Germany,52.3758916,9.732010400000002
"Afrika mon amour" , UK,56.49067119999999,-4.2026458
"0511 TV Lokal"  {Hahnenfuß bedeckt Maschsee}, Germany,52.3758916,9.732010400000002
"Across the River to Motor City" , Canada,43.653226,-79.3831843
"2007 World Series of Poker" , USA,36.1699412,-115.1398296
"A Comicbook Orange" , USA,34.0522342,-118.2436849
"Abhi Abhi To Aye Ho" , Pakistan,31.5198404,74.280562
"'Da Kink in My Hair"  {The Man of the House (#1.7)}, Canada,43.653226,-79.3831843
"Ancient Megastructures" , Egypt,30.0130557,31.2088526
"Are We There Yet?: World Adventure" ,Canada,56.130366,-106.346771
"Andy Barker P.I."  {Fairway My Lovely (#1.2)}, USA,34.13811680000001,-118.3533783
"Angry Planet"  {Hawaii-Surf & Snow (#2.4)}, USA,21.3155434,-157.8615682
"1000 Places to See Before You Die"  {South Africa (#1.7)}, South Africa,-33.9320241,18.4116908
"1000 Places to See Before You Die"  {South Africa (#1.7)}, South Africa,-34.4092004,19.2504436
"After the Catch"  {On the Edge (#1.4)}, USA,47.6677826,-122.3958569
"After the Catch"  {Mysteries at Sea (#1.3)}, USA,47.6677826,-122.3958569
"Alberta's Best is Hiring" , Canada,53.7266683,-127.6476205
"1000 Places to See Before You Die"  {France (#1.6)}, Monaco,43.7480482,7.4387874
"1000 Places to See Before You Die"  {South Africa (#1.7)}, South Africa,-33.9248685,18.4240553
"Across the River to Motor City" , USA,42.331427,-83.0457538
"Aftenshowet"  {(2009-06-02)}, Denmark,55.65453249999999,12.6496067
"ADHDtv: With Lew Marklin"  {Lewie and Geeno Do Radio: Part 1 (#1.2)}, USA,34.1534061,-118.335848
"After the Catch"  {Looking Ahead (#6.6)}, USA,39.4785695,-106.0456866
"Al sabor del chef" ,Mexico,23.634501,-102.552784
"Alberta's Best is Hiring" , Canada,53.7608608,-98.8138762
"Ahornallee" , Germany,48.1476862,11.5845242
"'Da Kink in My Hair"  {Licks! (#2.6)}, Canada,43.653226,-79.3831843
"After the Catch"  {Man vs. Nature (#1.2)}, USA,47.6677826,-122.3958569
"Aftenshowet"  {(2009-06-02)}, Denmark,55.6736841,12.5681471
"America at a Crossroads"  {The Anti-Americans (A Hate/Love Relationship)}, France,48.856614,2.3522219
"After the Catch"  {Relentless (#5.2)}, USA,21.284271,-157.706991
"42" I),Lithuania,55.169438,23.881275
"0511 TV Lokal"  {Magen-Darm-Tag in der MHH}, Germany,52.3758916,9.732010400000002
"1000 Places to See Before You Die"  {Canada (#1.13)}, Canada,49.2723568,-123.1350654
"About a Girl" , Canada,49.2827291,-123.1207375
"After the Climb" , USA,41.6750953,-73.3517858
"A Pedra do Reino" , Brazil,-7.200245599999999,-36.8250274
"Adventures in Hollyhood" , USA,34.0522342,-118.2436849
"0511 TV Lokal"  {Babylon - Theaterfestival}, Germany,52.3758916,9.732010400000002
"Are You Smarter Than a 5th Grader?" I), USA,34.05179,-118.4125106
"After the Catch"  {Frozen Crab (#3.3)}, USA,32.799452,-117.2432179
"Age of Love" , USA,34.040713,-118.2467693
"ADHDtv: With Lew Marklin"  {Obama Ball 90210 (#2.18)}, USA,34.4208305,-119.6981901
"0511 TV Lokal"  {Vorstellung des EcoCarrier - Kleintransporter mit Elektroantrieb}, Germany,52.3758916,9.732010400000002
"0511 TV Lokal"  {Moonlight Shopping}, Germany,52.3758916,9.732010400000002
"4Real" ,Peru,-9.189967,-75.015152
"Angry Planet"  {Thunder Down Under (#2.5)}, Australia,-33.8688197,151.2092955
"Aleel El Heilah" , Egypt,30.0444196,31.2357116
"ADHDtv: With Lew Marklin"  {Who the Hell Is Sarah Palin? (#2.14)}, USA,34.4240026,-119.7020853
"Angry Planet"  {Wild Water (#1.8)}, Mexico,29.05252029999999,-118.2760503
"Angry Planet"  {River of Doubt (#4.4)},Brazil,-14.235004,-51.92528
"1000 Places to See Before You Die"  {Mexico (#1.11)}, Mexico,17.5402777,-101.4405555
"0511 TV Lokal"  {Internationaler Großmodellflugtag Lehrte}, Germany,52.3746255,9.9784211
"1000 Places to See Before You Die"  {South Africa (#1.7)}, South Africa,-33.9060766,18.4231538
"After the Catch"  {The Unexpected (#6.1)}, USA,39.4785695,-106.0456866
"Amyna zonis"  {(#1.16)}, Greece,37.9838096,23.7275388
"Apteeker" ,Estonia,58.595272,25.0136071
"9 mm crímenes a la medida de la historia"  {El ministerio}, Argentina,-34.6036844,-58.3815591
"Amazing Facts Presents"  {History's Greatest Hoax (#1.8)}, USA,38.99066570000001,-77.026088
"Annem"  {(#1.4)}, Turkey,41.0082376,28.9783589
"Aftenshowet"  {(2008-10-14)}, Denmark,56.1528,10.199335
"Amazon Heartbeat" ,UK,55.378051,-3.435973
"Afrika mon amour" , Austria,48.2081743,16.3738189
"After the Catch"  {The Fleet (#4.4)}, USA,29.963168,-90.057842
"Anne Will" , Germany,52.52000659999999,13.404954
"Anne" ,Sri Lanka,7.873053999999999,80.77179699999999
"Annem"  {(#1.2)}, Turkey,41.0082376,28.9783589
"1000 Places to See Before You Die"  {France (#1.6)}, France,48.874097,2.302475
"Angry Planet"  {Hurricane (#2.2)}, Canada,44.4934044,-63.9125577
"Ancient Megastructures" , USA,40.7127753,-74.0059728
"America at a Crossroads"  {The Anti-Americans (A Hate/Love Relationship)}, Poland,53.8641596,21.3048734
"0511 TV Lokal"  {Poetry Slam mit Bas Böttcher}, Germany,52.3758916,9.732010400000002
"Amyna zonis"  {(#1.8)}, Greece,37.9838096,23.7275388
"1000 Places to See Before You Die"  {Canada (#1.13)}, Canada,49.1529842,-125.9066184
"4Real" ,Brazil,-14.235004,-51.92528
"0511 TV Lokal"  {Old fashioned - Körperformen}, Germany,52.3758916,9.732010400000002
"ADHDtv: With Lew Marklin"  {Lewie and Geeno's Summerz-End (#1.14)}, USA,34.4208305,-119.6981901
"90 Plein Street" , South Africa,-26.2707593,28.1122679
"After the Catch"  {Overboard (#1.1)}, USA,47.6677826,-122.3958569
"1000 Places to See Before You Die"  {Canada (#1.13)}, Canada,49.1238313,-125.9010609
"ADHDtv: With Lew Marklin"  {Lewie Does Georgia (#3.3)}, USA,34.0521011,-118.4732464
"'Da Kink in My Hair"  {Every Hoe Have Him Stick (#1.6)}, Canada,43.653226,-79.3831843
"Air Australia" , Australia,-31.9505269,115.8604572
"Ana W Ant Wal Internet" ,Bahrain,26.0667,50.5577
"1 vs 100" , Australia,-37.8144105,144.9355977
"ADHDtv: With Lew Marklin"  {Lewie and Geeno Do Radio: Part 1 (#1.2)}, USA,34.4208305,-119.6981901
"1000 Places to See Before You Die"  {France (#1.6)}, France,48.8676155,2.3214037
"Apne Dil Se Puchho"  {Bhagyashali Kaun (#1.3)}, India,22.7195687,75.8577258
"Adventures in Hollyhood" , USA,35.1495343,-90.0489801
"Amyna zonis"  {(#1.6)}, Greece,37.9838096,23.7275388
"0511 TV Lokal"  {Ship O'Fools}, Germany,52.3758916,9.732010400000002
"6! Setzen - Das Wissensduell Groß gegen Klein" , Germany,50.937531,6.9602786
"2 Dudes Catering" , USA,34.0522342,-118.2436849
"Amyna zonis" , Greece,37.9838096,23.7275388
"Andy Barker P.I."  {Dial M for Laptop (#1.4)}, USA,34.13811680000001,-118.3533783
"Amor de batey" , Dominican Republic,18.4860575,-69.93121169999999
"Angry Planet"  {Hurricane (#2.2)}, USA,25.0273356,-81.5357506
"Ai confini della pietà" , Italy,38.1156879,13.3612671
"ADHDtv: With Lew Marklin"  {On with the Show (#1.21)}, USA,34.4208305,-119.6981901
"0511 TV Lokal"  {Kunst im Kaufhaus - Made in Korea}, Germany,52.3758916,9.732010400000002
"Allemaal film" , USA,34.0928092,-118.3286614
"Amazing Facts Presents"  {God's Health Plan (#1.9)}, USA,38.99066570000001,-77.026088
"Annem"  {(#1.11)}, Turkey,41.0082376,28.9783589
"0511 TV Lokal"  {Musik-Kulturfest in Hannover-Linden}, Germany,52.3758916,9.732010400000002
"Aftenshowet"  {(2009-04-24)}, Denmark,56.1408113,10.1819846
"After the Catch"  {Fishermen's Code (#6.5)}, USA,39.4785695,-106.0456866
"Angry Planet"  {Island Caving (#2.1)}, Canada,49.6506376,-125.4493906
"Amyna zonis"  {(#1.5)}, Greece,37.9838096,23.7275388
"0511 TV Lokal"  {Lune Ndiaye - Künstler aus Senegal}, Germany,52.3758916,9.732010400000002
"Aftenshowet"  {(2008-10-16)}, Denmark,56.1528,10.199335
"ADHDtv: With Lew Marklin"  {Sammie of the 90210 (#2.20)}, USA,34.4208305,-119.6981901
"Annem"  {(#1.5)}, Turkey,41.0082376,28.9783589
"Armageddon - Der Einschlag" ,Cameroon,7.369721999999999,12.354722
"0511 TV Lokal"  {Pee Wee Ellis - Masala}, Germany,52.3758916,9.732010400000002
"1000 Places to See Before You Die"  {Mexico (#1.11)}, Mexico,17.628743,-101.5432777
"0511 TV Lokal"  {Dagmar Huth}, Germany,52.3758916,9.732010400000002
"0511 TV Lokal"  {Hart am Wind - Kinder & Jugend -Theaterfestival}, Germany,52.3758916,9.732010400000002
"1000 Places to See Before You Die"  {South Africa (#1.7)}, South Africa,-34.409963,19.280555
"Amyna zonis"  {(#1.9)}, Greece,37.9838096,23.7275388
"Aliens in America" , Canada,49.18344039999999,-123.081486
"ADHDtv: With Lew Marklin"  {Sammie of the 90210 (#2.20)}, USA,34.4148505,-119.6944454
"0511 TV Lokal"  {Jazz am Ballhof 2}, Germany,52.3758916,9.732010400000002
"Aftenshowet"  {(2008-12-10)}, Denmark,55.6797154,12.5907984
"9 mm crímenes a la medida de la historia"  {Caso Falcón}, Argentina,-34.6036844,-58.3815591
"1000 Places to See Before You Die"  {Canada (#1.13)}, Canada,49.3007961,-123.1309293
"'Da Kink in My Hair"  {All That Glitters (#1.9)}, Canada,43.653226,-79.3831843
"ADHDtv: With Lew Marklin"  {The Mullets in Outer Space (#2.8)}, USA,34.4381507,-119.6817845
"1000 Places to See Before You Die"  {Canada (#1.13)}, Canada,50.11669300000001,-122.9459488
"1000 Places to See Before You Die"  {France (#1.6)}, Monaco,43.7387938,7.426953600000001
"Al rojo vivo fin de semana con Candela Ferro" , USA,25.7616798,-80.1917902
"Angry Planet"  {Crystal Cave (#3.11)}, Mexico,27.8559178,-105.4932019
"Animalia" , Australia,-27.913266,153.313335
"Ancient Megastructures" , Italy,41.8902102,12.4922309
"1000 Places to See Before You Die"  {Brazil (#1.4)}, Brazil,-22.9864387,-43.2267893
"Andy Barker P.I." , USA,34.13811680000001,-118.3533783
"Afrika mon amour" , Germany,52.52000659999999,13.404954
"Angry Planet"  {Island Caving (#2.1)}, Canada,53.9332706,-116.5765035
"ADHDtv: With Lew Marklin"  {Lewie Does Georgia (#3.3)}, USA,34.4148505,-119.6944454
"All Together Now" , USA,40.7127753,-74.0059728
"ADHDtv: With Lew Marklin"  {Lewie Does Christina De Rosa (#3.1)}, USA,34.0928092,-118.3286614
"Abbey & Janice: Beauty & The Best" , USA,34.0522342,-118.2436849
"1000 Places to See Before You Die"  {Mexico (#1.11)}, Mexico,20.6243088,-103.3212248
"2007 World Series: Boston Red Sox vs. Colorado Rockies" , USA,42.3600825,-71.0588801
"Amyna zonis"  {(#1.1)}, Greece,37.9838096,23.7275388
"Andrew Marr's History of Modern Britain" ,USA,37.09024,-95.712891
"1000 Places to See Before You Die"  {France (#1.6)}, Monaco,43.7400718,7.426643599999999
"America at a Crossroads"  {Kansas to Kandahar: Citizen Soldiers at War}, Afghanistan,31.628871,65.7371749
"After the Catch"  {View from Shore (#6.3)}, USA,39.4785695,-106.0456866
"0511 TV Lokal"  {Rosa von Praunheim im Interview zu seinem Film 'Die Jungs vom Bahnhof Zoo'}, Germany,52.3758916,9.732010400000002
"0511 TV Lokal"  {Produzentengalerie Falkenberg}, Germany,52.3758916,9.732010400000002
"1000 Places to See Before You Die"  {Brazil (#1.4)}, Brazil,-22.9852632,-43.2030103
"A Place in Spain: Costa Chaos" , UK,51.5073509,-0.1277583
"0511 TV Lokal"  {AWO-Kinderlauf}, Germany,52.3758916,9.732010400000002
"0511 TV Lokal"  {Pressekonferenz Schauspielhaus}, Germany,52.3758916,9.732010400000002
"0511 TV Lokal"  {Mindestlohn-Karawane}, Germany,52.3758916,9.732010400000002
"A Total Write-Off!" , Canada,53.544389,-113.4909267
"Ameer al shuaraa" ,Kuwait,29.31166,47.481766
"Armed & Famous" , USA,40.1933767,-85.3863599
"Affedilmeyen" , Turkey,41.0082376,28.9783589
"ADHDtv: With Lew Marklin"  {Lewie Does Helter Skelter (#2.19)}, USA,34.1477849,-118.1445155
"Angry Planet"  {Thunder Down Under (#2.5)}, Australia,-25.3444277,131.0368822
"0511 Sondersendung zu Theaterformen" , Germany,52.3758916,9.732010400000002
"Aftenshowet"  {(2009-04-21)}, Denmark,56.1408113,10.1819846
"Angry Planet"  {Thunder Down Under (#2.5)}, Australia,-31.2733434,149.219061
"1 chan KNB" , Japan,36.6959518,137.2136768
"Andra Avenyn" , Sweden,57.70887,11.97456
"After the Catch"  {Deck Hands (#2.4)}, USA,42.616346,-70.649661
"Annem"  {(#1.14)}, Turkey,41.0082376,28.9783589
"Allsang På Grensen" , Norway,59.1199455,11.3970065
"ADHDtv: With Lew Marklin"  {Lewie Does Lou Gossett (#3.2)}, USA,34.0259216,-118.7797571
"After the Catch"  {Fresh Blood (#5.4)}, USA,21.284271,-157.706991
"After the Catch"  {Staying on Course (#3.1)}, USA,32.799452,-117.2432179
"'Da Kink in My Hair"  {Of Papers and Patois (#2.3)}, Canada,43.653226,-79.3831843
"A Comicbook Orange" , Canada,45.5016889,-73.567256
"1000 Places to See Before You Die"  {South Africa (#1.7)}, South Africa,-33.4760618,22.2430391
"100 Winners" , USA,34.0522342,-118.2436849
"Aliens in America" , USA,34.3916641,-118.542586
"AllesTester im Einsatz" , Germany,52.52000659999999,13.404954
"'Da Kink in My Hair"  {Pardnah Me? (#2.12)}, Canada,43.653226,-79.3831843
"Amango" , Chile,-33.4488897,-70.6692655
"A Total Write-Off!" , Canada,53.54329569999999,-113.4882154
"Ameer al shuaraa" ,Egypt,26.820553,30.802498
"Amazon Heartbeat" ,Peru,-9.189967,-75.015152
"'Da Kink in My Hair"  {Di Heart of Di Matter (#1.13)}, Canada,43.653226,-79.3831843
"1000 Places to See Before You Die"  {Canada (#1.13)}, Canada,49.2827291,-123.1207375
"ADHDtv: With Lew Marklin"  {Stroke Man (#2.4)}, USA,34.4208305,-119.6981901
"2007 World Series: Boston Red Sox vs. Colorado Rockies" , USA,39.7392358,-104.990251
"'Da Kink in My Hair"  {Playing Social (#2.4)}, Canada,43.653226,-79.3831843
"'Da Kink in My Hair"  {Speaky Spokey (#1.12)}, Canada,43.653226,-79.3831843
"Anime Select's Tokyo Reporter" , Japan,35.6894875,139.6917064
"Angry Planet"  {Waterspouts (#2.3)}, USA,25.0273356,-81.5357506
"Abbey & Janice: Beauty & The Best" , UK,51.5073509,-0.1277583
"Almost Epic" , USA,34.0522342,-118.2436849
"1000 Places to See Before You Die"  {France (#1.6)}, France,43.696973,7.122138
"After the Catch"  {High Tide (#5.5)}, USA,21.284271,-157.706991
"Annem"  {(#1.6)}, Turkey,41.0082376,28.9783589
"9 mm crímenes a la medida de la historia" , Argentina,-34.6036844,-58.3815591
"Angry Planet"  {Cabo Verde Volcano (#4.5)}, Cape Verde,14.9133487,-24.3816818
"0511 TV Lokal"  {Bravo Bene! Arnulf Ratings Aufwärts}, Germany,52.3758916,9.732010400000002
"American Heiress"  {Crash and Burn (#1.2)},Mexico,23.634501,-102.552784
"0511 TV Lokal"  {Tafelfreuden in der Handwerksform}, Germany,52.3758916,9.732010400000002
"Abgedreht in Stuttgart" , Germany,48.7758459,9.1829321
"Alberta's Best is Hiring" , Canada,53.9332706,-116.5765035
"Acompáñenos" , Spain,42.24059889999999,-8.7207268
"'Da Kink in My Hair"  {Coming Out of the Closet (#2.11)}, Canada,43.653226,-79.3831843
"Aftenshowet"  {(2009-04-20)}, Denmark,56.1408113,10.1819846
"0511 TV Lokal"  {The Winner of Fireworks}, Germany,52.3758916,9.732010400000002
"Adriaan" , Netherlands,52.4049474,4.6201852
"Are We There Yet?: World Adventure" ,France,46.227638,2.213749
"1000 Places to See Before You Die"  {France (#1.6)}, France,48.85837009999999,2.2944813
"Ajj Da Mudda" , USA,40.7127753,-74.0059728
"ADHDtv: With Lew Marklin" , USA,36.778261,-119.4179324
"2900 Happiness"  {(#3.1)}, Denmark,55.73665399999999,12.569196
"1000 Places to See Before You Die"  {South Africa (#1.7)}, South Africa,-33.8076073,18.3712309
"Angry Planet"  {Wild Water (#1.8)}, Canada,43.08622099999999,-78.9853012
"Angry Planet"  {Rising Oceans (#4.3)},Fiji,-17.713371,178.065032
"0511 TV Lokal"  {10 Jahre AWO rennt}, Germany,52.3758916,9.732010400000002
"'Da Kink in My Hair"  {Black Cake White Cake (#2.10)}, Canada,43.653226,-79.3831843
"0511 TV Lokal"  {Autofreier Sonntag in Hannover}, Germany,52.3758916,9.732010400000002
"'Da Kink in My Hair"  {Looks Can Be Revealing (#2.2)}, Canada,43.653226,-79.3831843
"0511 TV Lokal" , Germany,52.3758916,9.732010400000002
"Ahornallee" , Germany,51.2277411,6.7734556
"ADHDtv: With Lew Marklin"  {Lewie Does Lou Gossett (#3.2)}, USA,34.0736204,-118.4003563
"Angry Planet"  {Burning Australia (#4.1)}, Australia,-29.0138504,134.753253
"Armageddon - Der Einschlag" , France,48.856614,2.3522219
"0511 TV Lokal"  {Schmucki-Festival}, Germany,52.3758916,9.732010400000002
"0511 TV Lokal"  {Reinert-Kassner - Erwachsenenfortbildg}, Germany,52.3758916,9.732010400000002
"0511 TV Lokal"  {Malte Sartorius - Venedig}, Germany,52.3758916,9.732010400000002
"42" I),Poland,51.919438,19.145136
"'Da Kink in My Hair"  {Empress of Eglinton (#2.8)}, Canada,43.653226,-79.3831843
"ADHDtv: With Lew Marklin"  {Ubiquitous Taco (#2.12)}, USA,34.4381507,-119.6817845
"Amyna zonis"  {(#1.15)}, Greece,37.9838096,23.7275388
"4Real" ,Haiti,18.971187,-72.285215
"After the Catch"  {Emergency! (#2.3)}, USA,42.616346,-70.649661
"'Da Kink in My Hair"  {Love Can't Wrap Up in a Paper (#1.5)}, Canada,43.653226,-79.3831843
"Army Wives" , USA,32.7764749,-79.93105120000001
"0511 TV Lokal"  {Rufus Beck die deutsche Hörbuch-Stimme von Harry Potter}, Germany,52.3758916,9.732010400000002
"Are We There Yet?: World Adventure" ,Costa Rica,9.748916999999999,-83.753428
"A Comicbook Orange" , USA,32.715738,-117.1610838
"Apne Dil Se Puchho"  {Golu (#1.2)}, India,23.1793013,75.7849097
"1000 Places to See Before You Die"  {France (#1.6)}, Monaco,43.7391246,7.4278803
"Are We There Yet?: World Adventure" ,Peru,-9.189967,-75.015152
"0511 TV Lokal"  {A Clockwork Orange im Ballhof}, Germany,52.3758916,9.732010400000002
"Army Wives" , USA,32.8909785,-80.0691552
"Annem"  {(#1.10)}, Turkey,41.0082376,28.9783589
"'Da Kink in My Hair"  {Honesty the Best Policy? (#2.7)}, Canada,43.653226,-79.3831843
"0511 TV Lokal"  {Andrea Focks im Atelier}, Germany,52.30207370000001,9.4693993
"1000 Places to See Before You Die"  {Mexico (#1.11)},Mexico,23.634501,-102.552784
"0511 TV Lokal"  {Zukunftszug}, Germany,52.3758916,9.732010400000002
"Abhi Abhi To Aye Ho" , Pakistan,31.5203696,74.35874729999999
"American Greed"  {Computer Hacker Masterminds}, USA,40.43416,-79.970298
"1000 Places to See Before You Die"  {Canada (#1.13)}, Canada,50.1149639,-122.9486474
"2007 World Series of Poker"  {No Limit Hold Em Main Event: Part 12 (#1.22)}, USA,36.1699412,-115.1398296
"After the Catch"  {The Wizard (#4.3)}, USA,29.963168,-90.057842
"Angry Planet"  {Waterspouts (#2.3)}, USA,25.745929,-80.5549561
"Are We There Yet?: World Adventure" , UK,52.3555177,-1.1743197
"0511 TV Lokal"  {Ideen-Expo 2009}, Germany,52.3758916,9.732010400000002
"'Da Kink in My Hair"  {Computer Love (#2.9)}, Canada,43.653226,-79.3831843
